city,state,hisp_count,hisp_MOE
Aberdeen,WA,3228,454
Abernathy,TX,1294,372
Abilene,TX,24893,493
Ada,OK,921,169
Adel,GA,740,118
Adelanto,CA,5976,812
Adjuntas,PR,10411,888
Adrian,MI,4728,473
Aguadilla Isabela San Sebastian,PR,288158,1730
Airway Heights,WA,1248,378
Ajo,AZ,1436,559
Akron,OH,8525,490
Alamogordo,NM,9255,656
Alamosa,CO,4996,303
Albany,GA,2214,258
Albany,NY,28031,524
Albany,OR,5088,473
Albert Lea,MN,2099,135
Albertville,AL,6484,676
Albuquerque,NM,320980,1411
Alexandria,LA,1413,341
Alice,TX,18067,729
Allentown,NJ,88926,939
Alma,MI,1288,234
Alpine,TX,2876,249
Alton,IL,1361,372
Altoona,PA,790,159
Altus,OK,4433,197
Amarillo,TX,52272,677
American Falls,ID,1671,228
Ames,IA,1656,268
Amherst,MA,2760,449
Amsterdam,NY,4671,191
Anacortes,WA,698,171
Anchorage,AK,18695,485
Anchorage Northeast,AK,1628,471
Anderson,IN,3020,275
Anderson,SC,2631,414
Andrews,TX,5576,335
Ann Arbor,MI,12414,656
Anniston,AL,2966,325
Antioch,CA,91192,2413
Appleton,WI,8067,480
Aransas Pass Ingleside,TX,7011,835
Arcadia,FL,6495,1100
Arcata,CA,3381,503
Arcola,IL,789,127
Ardmore,OK,1630,414
Arecibo,PR,146167,1957
Arkansas City,KS,1539,299
Arroyo Grande Grover Beach,CA,9980,1002
Artesia,NM,5950,621
Arvin,CA,16431,841
Asheboro,NC,8467,905
Asheville,NC,18274,1048
Ashtabula,OH,2167,337
Astoria,OR,1283,277
El Paso de Robles (Paso Robles) Atascadero,CA,14434,1045
Athens,AL,2031,446
Athens,TX,3203,540
Athens-Clarke County,GA,10168,493
Atlanta,GA,442226,2877
Atlantic City,NJ,34634,1017
Attica,NY,1078,120
Auburn,AL,2565,354
Auburn,NY,859,214
Augusta-Richmond County GA,SC,14104,862
Aurora,MO,573,238
Austin,MN,3146,180
Austin,TX,325103,2642
Avalon,CA,2252,277
Avenal,CA,12837,877
Avon,CO,6035,880
Avondale,AZ,39832,2289
Avra Valley,AZ,1199,536
Bakersfield,CA,224387,2789
Ballinger,TX,1548,239
Baltimore,MD,101475,1653
Banta,CA,1193,156
Barnstable Town,MA,4679,351
Barstow,CA,11181,964
Bartlesville,OK,1951,261
Bartlett,TX,713,176
Bartow,FL,1925,626
Basalt,CO,2376,637
Bastrop,TX,2405,511
Batesville,AR,1132,265
Bath,ME,687,177
Baton Rouge,LA,18660,777
Battle Creek,MI,4521,316
Battlement Mesa,CO,1261,350
Battle Mountain,NV,998,315
Bayard,NM,4207,511
Bay City,MI,4112,218
Bay City,TX,7190,515
Beardstown,IL,1915,88
Beaufort,SC,4053,627
Beaumont,TX,14805,1057
Beaver Dam,WI,1103,291
Beeville,TX,9643,655
Belen,NM,8016,604
Belle Glade,FL,6345,811
Bellingham,WA,6658,925
Beloit WI,IL,7617,816
Bend,OR,5872,660
Benton Harbor St. Joseph,MI,1080,320
Berrien Springs,MI,855,339
Berryville,AR,893,216
Big Bear Lake,CA,3672,954
Big Lake,TX,1858,185
Big Spring,TX,11727,253
Billings,MT,5443,263
Binghamton NY,PA,6138,198
Birmingham,AL,27669,815
Bisbee,AZ,2080,482
Bishop,CA,2086,291
Bishop,TX,2141,218
Bismarck,ND,1037,133
Blackfoot,ID,2841,507
Blacksburg,VA,2100,154
Bloomfield,NM,2998,510
Bloomington,IN,3273,246
Bloomington Normal,IL,5905,278
Bloomsburg Berwick,PA,1335,125
Bluffton,SC,2981,680
Blythe CA,AZ,5932,663
Boardman,OR,2007,222
Boerne,TX,1569,319
Boise City,ID,19850,917
Bonadelle Ranchos-Madera Ranchos,CA,1615,477
Bonham,TX,1476,348
Bonita Springs Naples,FL,57685,2675
Borger,TX,3363,277
Boston MA NH,RI,381545,1218
Boulder,CO,9169,763
Bowling Green,KY,4040,322
Bowling Green,OH,1260,210
Bozeman,MT,1033,276
Brady,TX,1840,187
Brawley,CA,19467,585
Breckenridge,TX,1544,119
Bremerton,WA,11775,601
Brenham,TX,1939,398
Bridgeport,TX,2008,373
Bridgeport Stamford CT,NY,146152,2240
Bridgeton,NJ,11267,740
Brigham City,UT,1607,313
Brighton,CO,15386,1048
Brodheadsville,PA,2049,483
Brookshire,TX,2035,454
Brooksville,FL,13627,624
Brownfield,TX,4785,274
Browns Mills,NJ,4130,592
Brownsville,TX,169405,2141
Brownwood,TX,4585,387
Brunswick,GA,3465,368
Brush,CO,1685,269
Buckeye,AZ,5883,1127
Buena Vista,CO,481,120
Buffalo,NY,39418,587
Bullhead City,AZ,9886,821
Burley,ID,4593,396
Burlington,NC,14123,585
Burlington,VT,2090,187
Butte-Silver Bow,MT,1159,56
Cactus,TX,1855,315
Cairo,GA,1729,209
Caldwell,TX,872,325
Calexico,CA,29730,974
Calhoun,GA,4469,508
California City,CA,2839,559
Calipatria North (California State Prison),CA,5714,514
Calistoga,CA,2130,524
Camarillo,CA,15675,1076
Cambria,CA,1075,438
Cameron,TX,1984,388
Cameron Park,CA,2949,765
Canon City,CO,4109,679
Canton,OH,4549,290
Canyon,TX,1779,390
Cape Coral,FL,60395,2555
Cape Girardeau MO,IL,1138,126
Carbondale,CO,2809,578
Carbondale,IL,1368,243
Carlisle,PA,1463,386
Carlsbad,NM,10490,641
Carrizo Springs,TX,6044,395
Carrollton,GA,4016,536
Carson City,NV,12097,397
Cartersville,GA,4568,529
Carthage,MO,4242,446
Casa Grande,AZ,14611,1150
Cashmere,WA,1798,614
Casper,WY,4290,208
Castle Rock,CO,2950,696
Castroville,TX,2158,724
Catalina,AZ,1666,322
Cedar City,UT,1660,360
Cedar Rapids,IA,4548,202
Cedartown,GA,3801,364
Center,TX,1849,480
Centralia,IL,716,121
Centralia,WA,4003,622
Chambersburg,PA,4549,290
Champaign,IL,7311,506
Chaparral,NM,7162,951
Charleston,WV,2033,223
Charleston North Charleston,SC,25629,668
Charlotte NC,SC,106942,1403
Charlottesville,VA,5435,449
Chatsworth,GA,2518,442
Chattanooga TN,GA,13911,443
Chesapeake Ranch Estates-Drum Point,MD,2852,440
Cheyenne,WY,10112,314
Chicago,IL,1752087,2646
Chickasha,OK,933,253
Chico,CA,13747,926
Childress,TX,961,265
Chowchilla,CA,3319,684
Chowchilla East (Valley State Prison),CA,1525,411
Cincinnati OH KY,IN,41148,757
Citrus Ridge,FL,2284,747
City of The Dalles OR,WA,2910,259
Claremore,OK,1102,354
Clarksville,AR,1381,329
Clarksville TN,KY,10972,703
Clayton,NC,2099,596
Clearlake,CA,3416,693
Cleburne,TX,9511,832
Clemson,SC,1357,423
Clermont,FL,7055,850
Cleveland,OH,68628,668
Cleveland,TN,3485,250
Cleveland,TX,2117,527
Clewiston,FL,6147,2058
Clifton,AZ,2585,264
Clifton,TX,837,259
Clinton IA,IL,843,121
Clinton,NC,1147,410
Clinton,OK,2310,289
Cloverdale,CA,2315,478
Clovis,NM,15485,564
Coalinga,CA,4469,396
Coamo,PR,47959,1377
Coeur d'Alene,ID,3376,380
Coldwater,MI,952,241
College Station Bryan,TX,35707,891
Colorado City,TX,2764,153
Colorado Springs,CO,74838,1346
Columbia,MO,3998,326
Columbia,SC,22762,980
Columbia,TN,2115,435
Columbus,GA,13828,466
Columbus,IN,3784,325
Columbus,NE,3084,254
Columbus,OH,50484,485
Columbus,TX,1068,314
Colusa,CA,3338,342
Comanche,TX,1522,244
Comfort,TX,1356,385
Concord,CA,77493,2307
Concord,NH,1293,204
Concord,NC,16404,1059
Connell,WA,1578,356
Conroe,TX,19323,1118
Conway,AR,2386,440
Cookeville,TN,1727,486
Coolbaugh township,PA,2441,719
Coolidge,AZ,2755,631
Coos Bay,OR,2457,226
Copperopolis (Sierra Conservation Center),CA,1787,216
Corcoran,CA,15872,644
Cornelia,GA,3994,460
Corning,CA,3095,641
Corpus Christi,TX,180130,1416
Corsicana,TX,7513,454
Cortez,CO,1481,262
Corvallis,OR,4540,216
Cottonwood,AZ,6361,950
Cotulla,TX,3917,324
Coxsackie,NY,1003,296
Craig,CO,1477,156
Crane,TX,1949,219
Crawfordsville,IN,901,193
Crescent City,CA,2424,345
Crestline,CA,3360,1007
Crestview,FL,1562,390
Crete,NE,2107,241
Crockett,TX,1328,330
Crookston,MN,818,189
Crystal City,TX,5919,536
Cuero,TX,3040,383
Cullman,AL,1617,442
Culpeper,VA,2558,406
Cumberland MD WV,PA,645,186
Cypress,TX,909,291
Dacono,CO,1998,414
Dalhart,TX,2368,206
Dallas,TX,1368177,3218
Dalton,GA,26001,1071
Danbury CT,NY,23965,1364
Dannemora,NY,548,104
Danville,IL,2073,322
Danville,VA,1252,244
Davenport, IA,23937,304
Davis,CA,9047,947
Dayton,NV,1597,719
Dayton,OH,15186,565
Dayton,TX,1598,351
Daytona Beach Port Orange,FL,10311,1108
Decatur,AL,6691,594
Decatur,IL,1842,89
Decatur,IN,1002,189
Decatur,TX,1910,420
Defiance,OH,2250,254
DeKalb,IL,7121,559
Delano,CA,29056,1309
Delavan,WI,2166,428
Delaware,OH,850,310
Del Rio,TX,34255,928
Delta,CO,2115,290
Deltona,FL,36362,1296
Deming,NM,10157,516
Denison,IA,3108,149
Denton Lewisville,TX,63264,2053
Denver Aurora,CO,492606,1976
Denver City,TX,3005,289
De Queen,AR,2923,445
De Ridder,LA,601,112
Desert Hot Springs,CA,17508,1428
Des Moines,IA,28594,491
Detroit,MI,146503,902
Devine,TX,3926,607
Diboll,TX,2255,431
Dilley,TX,2723,358
Dimmitt,TX,2845,201
Dixon,CA,7298,742
Dixon,IL,970,204
Dodge City,KS,14728,364
Dos Palos,CA,5236,728
Dothan,AL,1993,252
Douglas,AZ,14757,828
Douglas,GA,1017,466
Dover,DE,4459,628
Dover Rochester NH,ME,1543,225
Dublin,TX,1372,353
Dubuque IA,IL,1347,177
Duluth MN,WI,1738,237
Dumas,TX,7459,332
Duncan,OK,1988,259
Dunkirk Fredonia,NY,3533,388
Dunn,NC,652,269
Durango,CO,1697,388
Durham,NC,36823,682
Eagar,AZ,1207,354
Eagle,CO,1333,482
Eagle Lake,TX,1776,214
Eagle Pass,TX,44357,1027
Earlimart,CA,5538,629
East Stroudsburg,PA,5139,806
Eau Claire,WI,1530,148
Edgewood,NM,922,329
Edna,TX,1769,277
Egg Harbor City,NJ,1648,445
El Campo,TX,5814,496
El Centro,CA,44933,1202
Elgin,TX,3312,705
Elizabeth City,NC,1199,190
Elkhart IN,MI,23258,943
Elkhorn,WI,938,432
Elkin,NC,1310,436
Elko,NV,4132,546
Ellensburg,WA,1362,309
Ellenville,NY,2483,423
Ellijay,GA,999,312
Elmira,NY,1997,132
Eloy,AZ,6202,841
El Paso,TX,585270,3028
El Reno,OK,2236,335
Emporia,KS,6352,250
Enid,OK,4188,173
Ennis,TX,6436,699
Enterprise,AL,3131,394
Erie,PA,7362,276
Escalon,CA,1792,249
Espanola,NM,19076,938
Eugene,OR,19797,595
Eunice,NM,1289,244
Eureka,CA,4212,582
Evanston,WY,1333,120
Evansville,IN,4792,182
Everson,WA,746,256
Fabens,TX,6998,860
Fairbanks,AK,3403,462
Fairfield,CA,30946,1334
Fairfield Southwest,CA,1637,402
Fajardo,PR,71917,931
Falfurrias,TX,4621,446
Fallon,NV,1798,505
Fargo ND,MN,4011,254
Faribault,MN,3429,342
Farmington,NM,13442,866
Fayetteville,NC,27372,682
Fayetteville Springdale,AR,43219,1709
Fellsmere,FL,3279,501
Fernley,NV,2093,654
Fillmore,CA,10419,539
Findlay,OH,2377,280
Firebaugh,CA,6638,319
Flagstaff,AZ,12636,611
Flint,MI,10940,454
Florence,AL,1786,366
Florence,AZ,8896,699
Florence,SC,1193,361
Floresville,TX,3855,379
Florida Barceloneta Bajadero,PR,67526,1681
Floydada,TX,1704,208
Fond du Lac,WI,2605,359
Forest,MS,1283,384
Forest City,NC,1253,309
Forney,TX,877,290
Fort Atkinson,WI,1957,400
Fort Bragg,CA,2449,514
Fort Collins,CO,25670,615
Fort Dodge,IA,1139,130
Fort Irwin,CA,1915,710
Fort Madison IA,IL,768,127
Fort Meade,FL,1652,456
Fort Morgan,CO,5518,389
Fort Payne,AL,2473,675
Fort Polk,LA,1675,253
Fort Smith,AR,16375,404
Fort Stockton,TX,7320,355
Fortuna,CA,1620,354
Fortuna Foothills,AZ,6406,835
Fort Walton Beach,FL,11168,733
Fort Wayne,IN,20347,435
Fostoria,OH,1446,271
Frankfort,IN,3733,143
Frankfort,KY,1152,107
Franklin,NJ,2535,507
Frederick,OK,969,171
Fredericksburg,TX,2507,320
Fredericksburg,VA,10079,706
Freeport,IL,1021,131
Freer,TX,2129,182
Fremont,NE,2815,257
Fremont,OH,2967,333
Fresno,CA,262129,2579
Friona,TX,2869,249
Fruita,CO,1402,350
Gadsden,AL,2342,398
Gainesville,FL,15280,649
Gainesville,GA,31492,1136
Gainesville,TX,4361,313
Galesburg,IL,2210,125
Galliano,LA,1244,402
Gallup,NM,7711,530
Galveston,TX,14627,1127
Garden City,KS,15090,422
Gardnerville Ranchos,NV,1535,449
Gastonia,NC,10138,435
Gatesville,TX,2352,541
Geneva,NY,1996,311
Georgetown,DE,2723,658
Georgetown,KY,1250,236
Georgetown,TX,11297,1169
George West,TX,1531,290
Gettysburg,PA,867,368
Giddings,TX,2169,385
Gillette,WY,1959,321
Gilman,IL,690,113
Gilroy Morgan Hill,CA,43084,2483
Glencoe,MN,1070,216
Glenwood Springs,CO,3339,748
Globe,AZ,5290,570
Gloversville,NY,891,188
Goldsboro,NC,3713,593
Gonzales,CA,6954,334
Gonzales,TX,3593,344
Gooding,ID,1061,295
Goodyear North,AZ,979,533
Goshen,NY,1795,421
Graham,TX,1647,238
Granbury,TX,2948,447
Grand Forks,MD,1851,246
Grand Island,NE,11598,180
Grand Junction,CO,15068,581
Grand Rapids,MI,54257,1080
Grand Saline,TX,744,192
Grandview,WA,8057,419
Grants,NM,6908,414
Grants Pass,OR,3744,311
Grass Valley,CA,3295,525
Great Bend,KS,2889,192
Greater Sun Center,FL,7630,1059
Great Falls,MT,2461,100
Greeley,CO,40900,1356
Green Bay,WI,15656,206
Greeneville,TN,1238,261
Greenfield,CA,13011,723
Greenfield,MA,1153,268
Green Forest,AR,1030,219
Green Pastures,TX,3854,962
Green River,WY,1403,237
Greensboro,NC,20271,1014
Green Valley,AZ,2482,488
Greenville,NC,3185,563
Greenville,SC,26710,1195
Greenville,TX,5994,474
Greenwood,SC,2252,367
Gridley,CA,3620,527
Groesbeck,TX,813,493
Guadalupe,CA,5742,229
Guayama,PR,76764,1464
Gulfport Biloxi,MS,8322,507
Gun Barrel City,TX,1188,396
Gunnison,UT,593,187
Gustine,CA,2897,391
Guymon,OK,4756,463
Gypsum,CO,1614,484
Hagerstown MD WV,PA,4866,583
Hailey,ID,2372,481
Half Moon Bay,CA,4750,813
Hammond,LA,1728,464
Hammonton,NJ,1874,465
Hanford,CA,35363,1228
Hanover,PA,2429,528
Harlingen,TX,94384,2266
Harrisburg,PA,19978,794
Harrisonburg,VA,8138,387
Hartford,CT,128157,1116
Hartford,MI,927,221
Harvard,IL,2833,534
Hastings,NE,2176,45
Hattiesburg,MS,2068,352
Havelock,NC,2721,450
Hazleton,PA,10218,669
Hearne,TX,1602,264
Heavener,OK,1513,278
Hebbronville,TX,3908,503
Heber,UT,2371,141
Hebert (Federal Correctional Institution),TX,1480,185
Helena,MT,1152,160
Hemet,CA,59737,2323
Hempstead,TX,912,364
Henderson,NC,1555,543
Henderson,TX,1857,285
Hereford,TX,10824,432
Hermiston,OR,9326,737
Hickory,NC,15299,852
Hidalgo East,TX,4268,751
High Point,NC,10684,1145
Hightstown,NJ,8608,1007
Hillsboro,TX,3130,337
Hilo,HI,5431,712
Hilton Head Island,SC,5206,678
Hines,TX,2751,662
Hinesville,GA,5164,325
Hobbs,NM,16949,752
Holbrook,AZ,1040,285
Holland,MI,17620,883
Hollister,CA,24970,1013
Holtville,CA,5156,402
Homedale,ID,1062,206
Hondo,TX,4523,510
Honolulu,HI,57966,1187
Hood River OR,WA,3546,527
Hope,AR,2057,225
Hopkinsville,KY,1557,406
Hot Springs,AR,3448,332
Houma,LA,3857,530
Houston,TX,1646898,3695
Hubert,NC,844,375
Hudson,NY,597,188
Hugoton,KS,1422,109
Huntington WV KY,OH,1648,256
Huntsville,AL,11128,574
Huntsville,TX,6884,589
Huron,CA,6691,15
Hutchinson,KS,4035,237
Idaho Falls,ID,9670,299
Imlay City,MI,1358,223
Immokalee,FL,13307,1697
Incline Village-Crystal Bay NV,CA,4665,1004
Indianapolis,IN,84408,811
Indiantown,FL,4209,1006
Indio Cathedral City Palm Springs,CA,146990,3099
Interlachen,FL,928,310
Inverness,FL,2199,439
Ione,CA,1957,249
Iowa City,IA,4182,312
Irrigon,OR,737,230
Islamorada Village of Islands,FL,3774,517
Ithaca,NY,3270,221
Ivanhoe,CA,3587,769
Jacksboro,TX,797,153
Jackson,CA,865,263
Jackson,MI,3578,363
Jackson,MS,6188,511
Jackson,TN,2538,242
Jacksonville,FL,66962,1048
Jacksonville,NC,11191,637
Jacksonville,TX,4951,548
Jamestown,NY,2428,350
Janesville,WI,3540,708
Jasper,TX,836,220
Jayuya,PR,11183,752
Jefferson City,MO,1504,122
Jerome,ID,3382,402
Johnson (Beto Units),TX,2098,285
Johnson City,TN,3535,328
Johnstown,PA,1198,197
Johnstown Milliken,CO,1823,455
Jonesboro,AR,3002,316
Joplin,MO,2671,454
Juana D�az,PR,52488,1332
Junction,TX,862,237
Junction City,KS,4591,412
Juneau South,AK,595,183
Kahului,HI,5127,775
Kailua (Hawaii County) Holualoa,HI,2964,814
Kailua (Honolulu County) Kaneohe,HI,10736,1016
Kalaheo,HI,1784,381
Kalamazoo,MI,8728,229
Kankakee,IL,6718,466
Kansas City,MO,134211,1126
Kapaa,HI,2027,451
Kapaau,HI,550,209
Karnes City,TX,2889,1021
Kaufman,TX,2199,331
Kearney,NE,2119,197
Kenedy,TX,3122,420
Kennewick Richland,WA,51101,1310
Kenosha,WI,16594,407
Kerman,CA,7464,853
Kermit,TX,3129,202
Kerrville,TX,7164,626
Kewanee,IL,1339,237
Key Biscayne,FL,7134,638
Key West,FL,7558,744
Kihei,HI,3031,590
Kilgore,TX,2001,410
Killeen,TX,39497,1523
Kimberly,ID,538,237
King City,CA,10596,591
Kingman,AZ,5391,785
Kingsland,TX,2123,497
Kingsport,TN,1682,289
Kingston,NY,4346,585
Kingsville,TX,18037,309
Kinston,NC,1031,343
Kissimmee,FL,112819,2745
Klamath Falls,OR,4643,376
Knoxville,TN,16023,770
Kokomo,IN,1928,157
Labelle,FL,5806,1323
La Crosse WI,MN,1400,171
Lady Lake,FL,3552,806
Lafayette,IN,10487,512
Lafayette,LA,6896,420
Lafayette,OR,966,227
Lafayette Louisville,CO,7312,773
LaGrange,GA,1300,253
La Grulla,TX,6399,957
Lahaina Napili-Honokowai,HI,2065,595
Laie Hauula,HI,758,247
La Junta,CO,3320,329
Lake Charles,LA,3571,273
Lake City,FL,1063,328
Lake Conroe Westshore,TX,1402,506
Lake Geneva,WI,2516,709
Lake Havasu City,AZ,6395,743
Lake Jackson Angleton,TX,26187,1338
Lakeland,FL,30105,2003
Lake Los Angeles,CA,6256,1073
Lakeport,CA,2080,467
Lakeway,TX,3551,725
Lamar,CO,2867,204
Lamesa,TX,6620,162
Lampasas,TX,1831,271
Lancaster,PA,37793,653
Lancaster,SC,1844,240
Lancaster Palmdale,CA,137908,3422
Lansing,MI,22269,469
Lapeer,MI,791,266
Laplace,LA,1769,233
Laramie,WY,2644,189
Laredo,TX,198808,1223
Las Animas,CO,1123,372
Las Cruces,NM,70135,1645
Las Vegas,NV,470227,2616
Las Vegas,NM,14277,621
Laurel,MS,2004,410
Laureles,TX,3641,1082
Lawrence,KS,4443,239
Lawton,OK,10526,296
Leadville,CO,2645,194
Leavenworth,KS,2881,240
Lebanon NH,VT,1088,200
Lebanon,OR,1019,328
Lebanon,PA,9745,354
Lebanon,TN,1471,337
Leesburg Eustis,FL,6871,811
Lee's Summit,MO,1995,588
Leesville,LA,783,179
Lehigh Acres,FL,13906,1520
Lehman township (Pike County),PA,1568,710
Lemoore Station,CA,823,375
Leominster Fitchburg,MA,14425,1276
Levelland,TX,6472,303
Lewisburg,TN,792,191
Lewiston ID,WA,1578,81
Lewiston,ME,733,183
Lexington,NE,6203,274
Lexington,NC,3457,545
Lexington-Fayette,KY,16142,533
Liberal,KS,10939,379
Liberty,NY,1117,362
Liberty,TX,1347,402
Ligonier,IN,2428,412
Lihue,HI,1084,313
Lima,OH,2033,159
Lincoln,CA,4149,551
Lincoln,IL,654,115
Lincoln,NE,14322,308
Lincoln City,OR,1238,401
Lincolnton,NC,2364,391
Lindsay,CA,12146,726
Little Elm,TX,3490,700
Littlefield,TX,3011,350
Little Rock,AR,20243,735
Live Oak (Sutter County),CA,4277,420
Livermore,CA,15122,1063
Livingston,CA,9330,765
Lockhart,TX,5241,577
Lockport,NY,1433,355
Lodi,CA,32016,1670
Logan,UT,8502,369
Logansport,IN,3922,288
Lompoc,CA,23398,1190
Longmont,CO,19668,784
Long Neck,DE,477,228
Long Prairie,MN,922,91
Longview,TX,12721,702
Longview WA,OR,4864,594
Lorain Elyria,OH,21267,449
Lordsburg,NM,1711,357
Los Alamos,NM,1519,206
Los Angeles,CA,5521782,6995
Los Banos,CA,22725,1010
Los Lunas,NM,22804,1089
Louisville,KY,34639,512
Lovington,NM,6853,538
Lubbock,TX,67206,1279
Lufkin,TX,9685,811
Luling,LA,1580,310
Luling,TX,2926,343
Lumberton,NC,2491,678
Lynchburg,VA,3053,257
McAlester,OK,1228,231
McAllen,TX,576125,3262
McFarland,CA,10902,480
McGregor,TX,1478,399
McKinney,TX,14490,1212
McMinnville,OR,6971,666
McMinnville,TN,1734,417
Macon,GA,3504,274
Madera,CA,51837,1245
Madill,OK,1449,303
Madison,WI,22420,677
Madisonville,TX,1282,268
Madras,OR,2557,443
Malakoff,TX,493,216
Malone,NY,958,147
Mammoth Lakes,CA,2377,437
Manchester,NH,8710,885
Mandeville Covington,LA,3458,497
Manhattan,KS,2143,366
Manitowoc,WI,1607,261
Mankato,MN,1558,245
Mansfield,OH,898,199
Manteca,CA,22182,1464
Marathon,FL,2193,475
Marble Falls,TX,2397,597
Marco Island,FL,1442,716
Marengo,IL,1161,515
Maricao,PR,2444,474
Marion,IN,1602,288
Marion,NC,1371,235
Marion,OH,1070,202
Marion Oaks,FL,2974,536
Marlin,TX,1340,257
Marshall,MN,1181,145
Marshall,MO,1656,65
Marshall,TX,3639,554
Marshalltown,IA,5849,208
Martinsville,VA,1531,481
Marysville,WA,10550,1138
Mason City,IA,1454,105
Mathis,TX,4771,293
Mattawa,WA,3637,339
Mauldin Simpsonville,SC,6111,976
Mayag�ez,PR,109372,1057
Mayfield,KY,1502,233
Meadow Lake,NM,2832,667
Mecca,CA,6812,929
Medford,OR,15490,887
Medina,OH,881,259
Melrose,MN,1175,284
Memphis,TN,50981,700
Mendota,CA,8518,722
Mendota,IL,1836,374
Merced,CA,62289,1779
Merkel,TX,604,229
Mesquite NV,AZ,4008,639
Mexia,TX,1791,511
Miami,FL,2141432,2815
Miami,OK,1170,109
Michigan City,IN,4169,287
Middletown,NY,16372,1081
Middletown,OH,1480,424
Midland,MI,1237,214
Midland,TX,41863,972
Midlothian,TX,1397,406
Milford,DE,1839,699
Milton-Freewater,OR,2735,438
Milton Lewisburg,PA,1463,308
Milwaukee,WI,131966,440
Mineral Wells,TX,3805,228
Minneapolis,MN,147432,1039
Minot,ND,1208,196
Mission Viejo,CA,87975,2909
Missoula,MT,1996,292
Mobile,AL,6469,751
Modesto,CA,138135,2018
Monahans,TX,3271,220
Monessen,PA,957,263
Monett,MO,1602,428
Monmouth,IL,1215,37
Monmouth Independence,OR,4333,491
Mono Vista,CA,1089,300
Monroe,LA,1837,256
Monroe,MI,2191,318
Monte Vista,CO,2391,341
Montgomery,AL,6162,367
Montgomery,PA,1404,148
Montgomery Maybrook,NY,1219,224
Monticello,NY,2432,454
Montrose,CO,5303,455
Moore Haven,FL,1525,408
Mooresville,NC,1481,550
Morgan City,LA,2066,263
Morgantown,WV,1117,158
Morris,IL,1344,261
Morristown,TN,6442,369
Morro Bay,CA,3316,680
Moscow,ID,995,93
Moses Lake,WA,8866,790
Moultrie,GA,2315,679
Mountain Home,ID,1591,358
Mount Airy,NC,1110,365
Mount Pleasant,MI,973,159
Mount Pleasant,TX,7438,460
Mount Pocono,PA,2048,671
Mount Vernon,WA,15222,551
Muleshoe,TX,2171,454
Muncie,IN,1742,173
Murfreesboro,TN,12864,765
Muscatine,IA,3566,341
Muskegon,MI,6134,664
Muskogee,OK,2643,329
Myrtle Beach,SC,9006,764
Nacogdoches,TX,6134,627
Nampa,ID,30109,1115
Napa,CA,29842,867
Nashua NH,MA,10836,947
Nashville,TN,65440,931
Natchitoches,LA,313,82
Navasota,TX,3141,397
Needles CA,AZ,1169,410
Needville,TX,928,313
Neosho,MO,1334,302
Newark,NY,928,319
Newark,OH,1069,285
New Bedford,MA,15065,1064
Newberg,OR,2709,584
New Bern,NC,1238,487
New Braunfels,TX,17445,1121
New Castle,CO,1603,395
New Haven,CT,74454,1854
New Iberia,LA,1031,316
Newman,CA,5505,846
Newnan,GA,2553,476
New Orleans,LA,66398,422
New Paltz,NY,713,164
Newport,OR,801,335
Newton,KS,2772,235
New York,NY,4096903,2617
Nogales,AZ,25948,1162
Norfolk,NE,2475,302
Norman,OK,4863,772
North Adams MA,VT,835,253
Northfield,MN,1048,313
North Huntsville,TX,780,224
North Platte,NE,1975,165
North Port Punta Gorda,FL,9762,518
North Wilkesboro,NC,1858,426
Norwalk,OH,1182,316
Norwich New London,CT,18923,468
Nyssa,OR,1658,290
Oakdale,CA,4746,606
Oakdale,LA,618,98
Oak Harbor,WA,2752,239
Oak Ridge,TN,1109,253
Ocala,FL,13558,1156
Odem,TX,2018,302
Odessa,TX,59480,959
Ogden Layton,UT,57311,423
Ogdensburg,NY,472,124
Okeechobee,FL,6034,649
Oklahoma City,OK,107067,1104
Olympia Lacey,WA,11378,707
Omaha,NE,66349,379
One Hundred Palms,CA,2330,351
Oneonta,AL,1473,457
Ontario,OR,7554,523
Orange,TX,1776,452
Orange Cove,CA,8151,293
Orland,CA,3688,584
Orlando,FL,282058,2842
Orosi,CA,13027,913
Oroville,CA,4323,658
Oshkosh,WI,1812,297
Oswego,NY,1576,351
Othello,WA,7081,521
Ottawa,IL,1304,331
Ottumwa,IA,2858,34
Owasso,OK,1653,518
Owatonna,MN,1893,110
Owensboro,KY,2014,133
Owosso,MI,859,150
Oxford,PA,2224,560
Oxnard,CA,195469,2040
Ozona,TX,1734,357
Paducah KY,IL,1003,186
Pagosa Springs,CO,871,373
Pahokee,FL,1822,434
Pahrump,NV,3344,574
Palacios,TX,2816,496
Palestine,TX,4052,420
Palm Bay Melbourne,FL,34651,900
Palm Coast,FL,4821,528
Palmer,AK,279,88
Pampa,TX,4740,80
Panama City,FL,6766,467
Paradise,CA,2646,554
Paris,TX,1747,316
Parker,AZ,1796,321
Parlier,CA,12348,577
Pascagoula,MS,3357,452
Patterson,CA,10322,841
Patton Village,TX,1136,392
Paw Paw,MI,539,215
Pearsall,TX,7698,441
Pecos,TX,8337,394
Pendleton,OR,1245,359
Pensacola FL,AL,14977,500
Peoria,IL,7403,328
Perry,IA,2782,230
Perryton,TX,4076,289
Peru La Salle,IL,2505,456
Petaluma,CA,13959,1175
Philadelphia,PA,403041,1912
Phoenix,AZ,915103,4268
Pinetop-Lakeside,AZ,1724,499
Pittsburg,KS,1440,152
Pittsburg,TX,1360,251
Pittsburgh,PA,22262,447
Pittsfield,MA,2089,308
Pixley,CA,2483,520
Placerville,CA,4098,631
Placid Lakes,FL,3183,860
Plainview,TX,15261,574
Planada,CA,3838,561
Plano,IL,2245,493
Plattsburgh,NY,760,192
Pleasanton,TX,6449,593
Plymouth,IN,1750,427
Pocatello,ID,4577,215
Poinciana,FL,12164,1340
Pojoaque,NM,2801,314
Ponca City,OK,2151,343
Ponce,PR,179822,1497
Pontiac,IL,782,220
Portales,NM,5699,416
Port Arthur,TX,21812,1098
Porterville,CA,43223,1792
Port Huron,MI,2911,362
Port Isabel,TX,7568,803
Port Jervis NY,PA,1173,390
Portland,ME,4252,407
Portland,OR,192360,1769
Port Lavaca,TX,6744,505
Port Royal,PA,337,93
Port St. Lucie,FL,47708,1104
Portsmouth NH,ME,941,233
Post,TX,3153,428
Poteet,TX,2769,216
Pottstown,PA,2152,466
Pottsville,PA,515,164
Poughkeepsie Newburgh,NY,55117,1407
Prattville,AL,916,270
Premont,TX,2221,201
Prescott,AZ,10212,977
Presidio,TX,4318,272
Price,UT,1856,140
Prineville,OR,1145,246
Prosser,WA,1768,324
Providence RI,MA,132529,977
Provo Orem,UT,37368,1198
Pueblo,CO,57530,759
Pukalani Makawao Haiku-Pauwela,HI,2476,607
Pullman,WA,1615,127
Pupukea Waialua,HI,1637,441
Purcell,OK,1053,292
Queen Creek,AZ,3178,679
Quincy,WA,4778,337
Racine,WI,19374,383
Radcliff Elizabethtown,KY,3949,399
Raleigh,NC,62512,1674
Ramona,CA,7571,1103
Rantoul,IL,1097,418
Rapid City,SD,2782,358
Raton,NM,4029,244
Rawlins,WY,1705,282
Raymond,WA,822,268
Raymondville,TX,9815,488
Reading,PA,57706,638
Red Bluff,CA,4598,600
Redding,CA,9671,468
Redland,FL,1748,757
Redmond,OR,2500,645
Reedley Dinuba,CA,34469,948
Refugio,TX,1483,176
Reno,NV,77882,1408
Rexburg,ID,1007,303
Richgrove,CA,2559,335
Richmond IN,OH,1575,119
Richmond,KY,1182,303
Richmond,VA,49265,629
Ridgecrest,CA,4434,681
Ridgeland,SC,432,197
Rifle,CO,2895,673
Rio Bravo,TX,8180,80
Rio Grande City,TX,19372,1248
Rio Vista,CA,941,329
Riverhead,NY,5133,1166
Riverside San Bernardino,CA,949050,6533
Roanoke,VA,6695,283
Robstown,TX,11381,725
Rochelle,IL,2962,306
Rochester,MN,4944,223
Rochester,NY,49103,437
Rockdale,TX,1671,405
Rockford,IL,36302,748
Rock Hill,SC,3522,616
Rockingham,NC,927,286
Rockport,TX,3824,500
Rock Springs,WY,3366,392
Rocky Ford,CO,2476,311
Roma,TX,17433,965
Rome,GA,7937,242
Rome,NY,1098,316
Rosamond,CA,5717,979
Roseburg,OR,2224,384
Roswell,NM,25357,618
Round Lake Beach McHenry Grayslake IL,WI,36110,1680
Royse City,TX,1329,371
Ruidoso,NM,2526,383
Rupert,ID,1711,315
Russellville,AL,2565,340
Russellville,AR,4130,439
Sacramento,CA,293862,2448
Safford,AZ,5462,454
Saginaw,MI,12457,556
St. Anthony,ID,654,206
St. Augustine,FL,2700,450
St. Cloud,MN,1572,328
St. George,UT,9511,504
St. Helena,CA,1375,318
St. Helens,OR,1259,208
St. Joseph,MO,4100,102
St. Louis,MO,56168,648
St. Marys Kingsland,GA,1529,283
St. Pauls,NC,536,280
Salem,OR,49053,1403
Salina,KS,4795,73
Salinas,CA,119932,1840
Salisbury,MD,3256,313
Salisbury,NC,3925,837
Salt Lake City,UT,155780,1137
San Angelo,TX,35040,472
San Antonio,TX,860419,3059
San Diego,CA,873505,2994
San Diego,TX,4756,534
Sandusky,OH,1466,327
Sandwich,IL,1070,395
Sanford,NC,7436,536
San Francisco,CA,686070,2501
Sanger,CA,19992,1096
Sanger,TX,811,329
San Germ�n Cabo Rojo Sabana Grande,PR,114124,1389
San Joaquin,CA,3765,146
San Jose,CA,403971,2694
San Juan,PR,2170592,2838
San Luis,AZ,20305,585
San Luis Obispo,CA,7060,706
San Manuel,AZ,2333,714
San Marcos,TX,23585,1341
San Saba,TX,1221,129
Santa Barbara,CA,58798,1552
Santa Clarita,CA,56905,1974
Santa Cruz,CA,25869,1102
Santa Fe,NM,48047,1013
Santa Isabel,PR,12432,763
Santa Maria,CA,73358,1642
Santa Paula,CA,23340,692
Santaquin,UT,980,416
Santa Rosa,CA,77986,1830
Santa Rosa,NM,1956,254
Saranac Lake,NY,682,140
Sarasota Bradenton,FL,61975,1279
Saratoga Springs,NY,1427,331
Savannah,GA,10182,583
Schulenburg,TX,610,216
Schuyler,NE,3481,130
Scottsbluff,NE,5695,279
Scranton,PA,14950,721
Seaford,DE,1593,519
Sealy,TX,1623,400
Searcy,AR,1033,263
Seaside,OR,699,240
Seaside Monterey Marina,CA,25836,1275
Seattle,WA,256967,1772
Sebring Avon Park,FL,9361,894
Sedalia,MO,2060,276
Seguin,TX,13259,820
Selma,CA,26423,1030
Seminole,TX,2493,341
Sevierville,TN,1980,469
Seymour,IN,1901,128
Shafter,CA,11338,776
Shallowater,TX,982,286
Shamokin,PA,616,280
Shawnee,OK,1598,297
Sheboygan,WI,4927,249
Shelbyville,IN,1169,137
Shelbyville,KY,2728,279
Shelbyville,TN,3947,443
Shelton,WA,2246,473
Shenandoah Frackville,PA,1019,243
Sherman,TX,8749,590
Shreveport,LA,9634,535
Sierra Vista,AZ,10313,896
Siler City,NC,4785,447
Siloam Springs AR,OK,3274,608
Silver City,NM,5501,598
Silverthorne,CO,2472,441
Silverton,OR,2269,569
Simi Valley,CA,28222,1301
Sinton,TX,4324,571
Sioux City IA NE,SD,19073,347
Sioux Falls,SD,5957,360
Slaton,TX,2772,511
Slidell,LA,4512,512
Smithfield,NC,3697,730
Smithville,TX,786,309
Smyrna,DE,1011,328
Snyder,TX,4428,259
Socorro,NM,4541,468
Soledad,CA,13240,410
Solvang Buellton,CA,4195,817
Somerton,AZ,11308,706
Sonoma,CA,8290,1248
Sonora,CA,1194,289
Sonora,TX,2206,300
South Bend IN,MI,19284,425
Southern Pines Pinehurst,NC,1496,482
South Lake Tahoe,NV,7806,732
South Lyon Howell Brighton,MI,2340,467
Southold,NY,1169,459
Spanish Fork,UT,6287,908
Spartanburg,SC,9497,905
Spearman,TX,1679,158
Spokane,WA,16012,533
Spring Creek,NV,973,337
Springfield,IL,3036,123
Springfield MA,CT,98934,1103
Springfield,MO,7703,422
Springfield,OH,1675,394
Spring Hill,TN,900,281
Springs,NY,4478,998
Stamford,TX,999,272
Stanfield,OR,723,224
Stanton,TX,1483,289
State College,PA,3099,150
Statesboro,GA,1199,284
Statesville,NC,3705,776
Stayton,OR,1342,516
Stephenville,TX,2287,439
Sterling,CO,2881,172
Sterling,IL,5425,190
Stevens Point,WI,932,172
Stillwater,MN,1108,315
Stillwater,OK,1521,288
Stockton,CA,147034,2693
Storm Lake,IA,3683,158
Storrs,CT,1368,269
Streator,IL,1668,426
Sturgis,MI,2335,375
Sullivan City,TX,5147,463
Sulphur Springs,TX,1887,432
Sultan,WA,517,203
Sumter,SC,2114,402
Sunnyside,WA,13783,801
Superior,AZ,1708,245
Susanville,CA,1109,347
Sweetwater,TX,4020,198
Syracuse,NY,16176,491
Taft,CA,3910,831
Taft,TX,4106,434
Tahlequah,OK,1591,301
Tahoka,TX,1202,140
Tallahassee,FL,12618,419
Tama,IA,828,115
Tampa,FL,345545,2723
Taos,NM,6921,821
Taylor,TX,5063,600
Tehachapi,CA,3497,719
Tehama,CA,804,332
Temecula Murrieta,CA,96432,3133
Temescal Valley,CA,1760,473
Temple,TX,17159,1197
Terra Bella,CA,2506,468
Terre Haute,IN,1776,196
Terrell,TX,3981,606
Texarkana TX,AR,4392,472
Texas City,TX,24529,1498
Thermal,CA,1947,673
The Woodlands,TX,13996,1405
Thousand Oaks,CA,36099,1719
Tifton,GA,1699,510
Tillamook,OR,1401,281
Titusville,FL,2969,611
Toledo,OH,27119,565
Tomball,TX,4626,841
Tonkawa,OK,235,89
Tooele,UT,3406,489
Topeka,KS,16649,323
Toppenish,WA,8754,695
Tornillo,TX,2059,286
Torrington,CT,2785,571
Torrington,WY,1036,51
Tracy,CA,28199,1736
Tremonton,UT,1152,310
Trenton,NJ,42492,984
Trinidad,CO,4991,241
Truckee,CA,1975,537
Truth or Consequences,NM,2029,438
Tucson,AZ,276706,1964
Tucson South (Arizona State Prison Complex),AZ,1818,261
Tucson Southeast,AZ,2042,495
Tucumcari,NM,2931,170
Tulare,CA,31206,1192
Tularosa,NM,1449,335
Tulia,TX,2090,223
Tulsa,OK,58681,982
Tupelo,MS,1566,282
Turlock,CA,32080,1616
Tuscaloosa,AL,4608,234
Twentynine Palms,CA,2437,538
Twentynine Palms Base,CA,2301,389
Twin Falls,ID,5047,471
Tyler,TX,22610,1063
Ukiah,CA,8602,758
Ulysses,KS,2911,118
Unalaska,AK,605,395
Union City,IN,606,135
Union City,TN,827,93
Utica,NY,7540,383
Utuado,PR,18964,1143
Uvalde,TX,13544,643
Vacaville,CA,19399,1313
Vado,NM,2739,641
Valdosta,GA,2157,419
Vallejo,CA,33833,1488
Val Verde,CA,4822,972
Vernal,UT,922,256
Vernon,TX,2661,219
Vero Beach Sebastian,FL,9284,559
Victoria,TX,28593,770
Victorville Hesperia Apple Valley,CA,108276,3057
Vieques (Vieques Municipio),PR,7499,417
Vineland,NJ,26432,836
Virginia Beach,VA,77963,615
Visalia,CA,65752,1919
Waco,TX,43086,832
Walla Walla,WA,7957,504
Walsenburg,CO,1775,135
Walworth,WI,807,297
Wapato,WA,5567,512
Warner Robins,GA,6756,458
Warren,AR,917,192
Warrenton,VA,1033,362
Warsaw,IN,3119,379
Warsaw,NC,557,208
Warwick,NY,1035,344
Wasco,CA,15300,724
Wasco West (Wasco State Prison),CA,2474,212
Washington,DC,631811,2257
Washington,IN,1151,88
Washington,IA,752,110
Washington,NJ,786,274
Washington,NC,1699,386
Wasilla,AK,1291,261
Waterbury,CT,38808,1738
Waterford,CA,3430,489
Waterloo,IA,4120,166
Watertown,NY,3881,361
Watertown,WI,1373,423
Watonga,OK,1318,433
Watsonville,CA,52670,1280
Wauchula,FL,7769,677
Wausau,WI,1306,226
Wauseon,OH,1235,319
Waxahachie,TX,5779,721
Waycross,GA,1040,117
Waynesville,MO,2777,368
Weatherford,TX,3457,707
Weiser ID,OR,1424,116
Wenatchee,WA,14774,991
West,TX,559,239
West Columbia,TX,865,334
Westerly RI,CT,973,294
West Jupiter,FL,650,218
West Liberty,IA,1858,255
West Livingston (Terrell Unit),TX,843,252
West Wendover NV,UT,2988,545
Wharton,TX,2783,431
Wheeling WV,OH,737,148
White Rock,NM,828,168
Wichita,KS,55933,801
Wichita Falls,TX,17493,517
Wichita Falls West (Allred Unit),TX,1253,194
Wildwood North Wildwood Cape May,NJ,3468,483
Willard,OH,1259,284
Willcox,AZ,1651,392
Williams,CA,3574,473
Williamsport,PA,993,130
Willimantic,CT,8228,521
Willis,TX,2681,868
Willmar,MN,3957,168
Willows,CA,2049,396
Wilmer,TX,1925,418
Wilmington,NC,9991,607
Wilson,NC,4460,527
Winchester,VA,6886,466
Windsor,CO,1053,358
Winfield,KS,778,214
Winnemucca,NV,2138,458
Winslow,AZ,2817,349
Winston-Salem,NC,35844,903
Winter Haven,FL,26917,1675
Winters,CA,3586,503
Winters,TX,967,165
Woodburn,OR,20558,1230
Woodlake,CA,6819,369
Woodland,CA,23255,1040
Woodridge,NY,1570,347
Woodstock,IL,5189,627
Woodward,OK,1195,242
Worcester MA,CT,48919,1354
Worthington,MN,3853,186
Yadkinville,NC,753,228
Yakima,WA,40471,1345
Yauco,PR,100807,1278
Yelm,WA,870,457
Yoakum,TX,2718,314
York,PA,17380,758
Youngstown OH,PA,12256,316
Yreka,CA,833,225
Yuba City,CA,32147,1011
Yucca Valley,CA,3607,711
Yuma AZ,CA,58029,1437
Yuma,CO,1305,197
Zapata,TX,9893,640
Zebulon Wendell,NC,1362,494
Zephyrhills,FL,6549,972
