City,State
New York,NY
Los Angeles,CA
Chicago,IL
Houston,TX
Philadelphia,PA
Phoenix,AZ
San Antonio,TX
San Diego,CA
Dallas,TX
San Jose,CA
Jacksonville,FL
Indianapolis,IN
San Francisco,CA
Austin,TX
Columbus,OH
Fort Worth,TX
Charlotte,NC
Detroit,MI
El Paso,TX
Memphis,TN
Baltimore,MD
Boston,MA
Seattle,WA
Washington D.C.,DC
Nashville-Davidson,TN
Denver,CO
Louisville-Jefferson,KY
Milwaukee,WI
Portland,OR
Las Vegas,NV
Oklahoma City,OK
Albuquerque,NM
Tucson,AZ
Fresno,CA
Sacramento,CA
Long Beach,CA
Kansas City,MO
Mesa,AZ
Virginia Beach,VA
Atlanta,GA
Colorado Springs,CO
Omaha,NE
Raleigh,NC
Miami,FL
Cleveland,OH
Tulsa,OK
Oakland,CA
Minneapolis,MN
Wichita,KS
Arlington,TX
Bakersfield,CA
New Orleans,LA
Honolulu,HI
Anaheim,CA
Tampa,FL
Aurora,CO
Santa Ana,CA
St. Louis,MO
Pittsburgh,PA
Corpus Christi,TX
Riverside,CA
Cincinnati,OH
Lexington-Fayette,KY
Anchorage,AK
Stockton,CA
Toledo,OH
St. Paul,MN
Newark,NJ
Greensboro,NC
Buffalo,NY
Plano,TX
Lincoln,NE
Henderson,NV
Fort Wayne,IN
Jersey City,NJ
St. Petersburg,FL
Chula Vista,CA
Norfolk,VA
Orlando,FL
Chandler,AZ
Laredo,TX
Madison,WI
Winston-Salem,NC
Lubbock,TX
Baton Rouge,LA
Durham,NC
Garland,TX
Glendale,AZ
Reno,NV
Hialeah,FL
Paradise,NV
Chesapeake,VA
Scottsdale,AZ
North Las Vegas,NV
Irving,TX
Fremont,CA
Irvine,CA
Birmingham,AL
Rochester,NY
San Bernardino,CA
Spokane,WA
Gilbert,AZ
Arlington,VA
Montgomery,AL
Boise City,ID
Richmond,VA
Des Moines,IA
Fayetteville,NC
